"Month","Mean.Abs.Return","Tickers"
2006-01-01,0.0137650944921089,37
2006-02-01,0.0116983875904513,37
2006-03-01,0.0106308447732031,37
2006-04-01,0.0117633413536165,37
2006-05-01,0.0132020428126329,38
2006-06-01,0.0137098108970079,38
2006-07-01,0.014165967788395,38
2006-08-01,0.0108354756649888,38
2006-09-01,0.0111271526729328,38
2006-10-01,0.011087918043906,39
2006-11-01,0.0110173194532081,39
2006-12-01,0.00978439577005409,39
2007-01-01,0.0120173240729142,39
2007-02-01,0.0104939883742986,39
2007-03-01,0.010711408473157,39
2007-04-01,0.0096790953418833,39
2007-05-01,0.00925320320282443,39
2007-06-01,0.0111441928480564,39
2007-07-01,0.0133581239170883,39
2007-08-01,0.0170117430936299,39
2007-09-01,0.0123367077107517,39
2007-10-01,0.0147216363848902,39
2007-11-01,0.0185027673036306,39
2007-12-01,0.0133878298937758,39
2008-01-01,0.0230058224713031,39
2008-02-01,0.0179493074280347,39
2008-03-01,0.0207248700996879,40
2008-04-01,0.0166826196517603,40
2008-05-01,0.0140109115114995,40
2008-06-01,0.0168594866899533,40
2008-07-01,0.0222353613804031,40
2008-08-01,0.0163623321563986,40
2008-09-01,0.031291708322772,40
2008-10-01,0.0481847528419141,40
2008-11-01,0.0437600414578334,40
2008-12-01,0.0298319744701663,40
2009-01-01,0.0316061311070599,40
2009-02-01,0.0266414955769731,41
2009-03-01,0.032481949205643,41
2009-04-01,0.0235160304361874,41
2009-05-01,0.0206540881205416,41
2009-06-01,0.0158063146629027,41
2009-07-01,0.0159429072068512,41
2009-08-01,0.0132788369689192,42
2009-09-01,0.0132142643517717,42
2009-10-01,0.0157656316686746,42
2009-11-01,0.0130928429975587,42
2009-12-01,0.0106205070218642,42
2010-01-01,0.0150673280890385,42
2010-02-01,0.0129676151451362,42
2010-03-01,0.00949526949218048,42
2010-04-01,0.0119482194882009,42
2010-05-01,0.0187914222037539,42
2010-06-01,0.015258448809816,43
2010-07-01,0.0143930186464224,44
2010-08-01,0.0125857526508787,44
2010-09-01,0.0128315203244898,44
2010-10-01,0.0109551019789195,44
2010-11-01,0.0131091041507704,44
2010-12-01,0.0106497406009112,44
2011-01-01,0.0123998096803639,44
2011-02-01,0.0123751502266124,44
2011-03-01,0.0128149541746261,44
2011-04-01,0.0113667276428376,44
2011-05-01,0.0106398118277222,44
2011-06-01,0.0131640625898176,44
2011-07-01,0.0128757283912689,44
2011-08-01,0.0260135290492833,44
2011-09-01,0.0206983744345385,44
2011-10-01,0.0209148454637328,44
2011-11-01,0.0194458630900598,44
2011-12-01,0.01403844239931,44
2012-01-01,0.012925292741547,44
2012-02-01,0.0109198290349394,44
2012-03-01,0.0104984347732634,44
2012-04-01,0.0129272294099472,44
2012-05-01,0.0142434971740541,45
2012-06-01,0.0152316585557469,45
2012-07-01,0.0138376934899804,45
2012-08-01,0.00964557020945802,45
2012-09-01,0.0120433231445259,45
2012-10-01,0.0121856646848047,45
2012-11-01,0.0122863791410692,45
2012-12-01,0.0100219875404787,45
2013-01-01,0.011513832265079,46
2013-02-01,0.0113018386173394,46
2013-03-01,0.00935100769558279,46
2013-04-01,0.0127862399403629,46
2013-05-01,0.0124180729654562,46
2013-06-01,0.0127862494197936,46
2013-07-01,0.0109143761768818,46
2013-08-01,0.00994778442849101,46
2013-09-01,0.00976795024161299,46
2013-10-01,0.0110191131346053,46
2013-11-01,0.00973846033791003,46
2013-12-01,0.00929293394375872,46
2014-01-01,0.0126997139476995,46
2014-02-01,0.010105418577263,46
2014-03-01,0.0104143152283407,46
2014-04-01,0.0128829375050235,46
2014-05-01,0.0089357080047891,46
2014-06-01,0.00763807161112412,46
2014-07-01,0.00974775689681824,46
2014-08-01,0.00769003020415428,46
2014-09-01,0.00931246704555142,47
2014-10-01,0.0136314961086672,47
2014-11-01,0.0086877856129886,47
2014-12-01,0.0116040507585675,47
2015-01-01,0.0141081453842342,47
2015-02-01,0.0104093073664032,47
2015-03-01,0.01121880482665,47
2015-04-01,0.0107686298539592,47
2015-05-01,0.0093344388965858,47
2015-06-01,0.00955991165193093,47
2015-07-01,0.012403587333609,47
2015-08-01,0.0166247786880095,47
2015-09-01,0.0155566445893502,47
2015-10-01,0.0132242776749686,47
2015-11-01,0.0115590745032309,47
2015-12-01,0.0125505396226132,47
2016-01-01,0.0195210043672201,47
2016-02-01,0.0161943222783868,47
2016-03-01,0.0111534791558355,47
2016-04-01,0.0114607870984316,47
2016-05-01,0.0109480623048265,47
2016-06-01,0.0128735318531737,47
2016-07-01,0.00954196622383671,47
2016-08-01,0.0076979145181298,47
2016-09-01,0.0107735059265273,47
2016-10-01,0.00891195949371714,47
2016-11-01,0.0119465999870771,47
2016-12-01,0.00944570168140185,47
2017-01-01,0.00895906654114715,47
2017-02-01,0.00871178947625625,47
2017-03-01,0.00764605466026037,47
2017-04-01,0.00814969771330433,47
2017-05-01,0.00876846831147931,47
2017-06-01,0.0100316553001373,47
2017-07-01,0.00956751879548226,47
2017-08-01,0.00897404755000835,47
2017-09-01,0.00899020294127893,47
2017-10-01,0.00904220599612787,47
2017-11-01,0.00934203293519198,47
2017-12-01,0.00850025527122447,47
2018-01-01,0.0122014150322356,47
2018-02-01,0.0177221517085846,47
2018-03-01,0.0148378842739619,47
2018-04-01,0.0138750889601369,47
2018-05-01,0.010170838420185,47
2018-06-01,0.0109876405606155,47
2018-07-01,0.0117155312926165,47
2018-08-01,0.0095795646844386,47
2018-09-01,0.0113126640798162,47
2018-10-01,0.0180159370070629,47
2018-11-01,0.0156557403883287,47
2018-12-01,0.0181497844938658,47
2019-01-01,0.0160097583432634,47
2019-02-01,0.009673022728917,47
2019-03-01,0.0102793274166704,47
2019-04-01,0.00926554005667604,47
2019-05-01,0.0115827117919679,47
2019-06-01,0.0116121012416088,47
2019-07-01,0.0100423690435349,47
2019-08-01,0.0144205046743076,47
2019-09-01,0.0104007782767404,47
2019-10-01,0.01133968972571,47
2019-11-01,0.00888501283923637,47
2019-12-01,0.00850681148537678,48
2020-01-01,0.0115204698116683,48
2020-02-01,0.0161391342309455,48
2020-03-01,0.0467355763021696,48
2020-04-01,0.0239218578556516,48
2020-05-01,0.0172179076722485,48
2020-06-01,0.0165393680067798,48
2020-07-01,0.0150953359405429,48
2020-08-01,0.0125350090348221,48
2020-09-01,0.0162848478547757,48
2020-10-01,0.0147168587949861,49
2020-11-01,0.0183506075257077,49
2020-12-01,0.0122871163970522,49
2021-01-01,0.0167009859936477,49
2021-02-01,0.0149344339583266,49
2021-03-01,0.0168150382732374,49
2021-04-01,0.0114919088830225,49
2021-05-01,0.0116520303818696,49
2021-06-01,0.00990295315450434,49
2021-07-01,0.0112953083187818,49
2021-08-01,0.0104924623746059,49
2021-09-01,0.0113350058202855,49
2021-10-01,0.0115436594131184,49
2021-11-01,0.0133184468547671,49
2021-12-01,0.0139047345744323,49
2022-01-01,0.016558183710476,49
2022-02-01,0.0170638267193316,49
2022-03-01,0.0191941196839021,49
2022-04-01,0.0179340495957124,49
2022-05-01,0.0208646916574279,49
2022-06-01,0.0190207922671905,49
2022-07-01,0.0157653915575498,49
2022-08-01,0.0141061806753332,49
2022-09-01,0.0153199658980104,49
2022-10-01,0.0188079472742114,49
2022-11-01,0.0182111752003421,49
2022-12-01,0.013218105388408,49
2023-01-01,0.0146229965382208,49
2023-02-01,0.0140280005883493,49
2023-03-01,0.01385837223108,49
2023-04-01,0.0117292785540262,49
2023-05-01,0.013470586000339,49
2023-06-01,0.0116590406397932,49
2023-07-01,0.0122594588527969,49
2023-08-01,0.0116286033577033,49
2023-09-01,0.0109074581459721,49
2023-10-01,0.0130910244706003,49
2023-11-01,0.0111163861513288,49
2023-12-01,0.0102587816435106,49
2024-01-01,0.0118445795576258,49
2024-02-01,0.0125524321225071,49
2024-03-01,0.0120492666246081,49
2024-04-01,0.0133576924366611,49
2024-05-01,0.011857040704725,49
2024-06-01,0.0118637721076383,49
2024-07-01,0.0148535973077143,49
2024-08-01,0.0149044477947908,49
2024-09-01,0.0145548653105603,49
2024-10-01,0.0128949632591829,49
2024-11-01,0.0137495531784676,49
2024-12-01,0.0129678111630519,49
2025-01-01,0.015350859776732,49
2025-02-01,0.0153653278805766,49
2025-03-01,0.0169776808069403,49
2025-04-01,0.0246363705563202,49
2025-05-01,0.0132763100057156,49
2025-06-01,0.0125519617736401,49
2025-07-01,0.0119608505069673,49
2025-08-01,0.0122953693159024,49
2025-09-01,0.0130269860215693,49
2025-10-01,0.015005604789922,49
2025-11-01,0.0158441897546515,49
2025-12-01,0.0118374303752805,49
2026-01-01,0.0155551019840643,49
2026-02-01,0.0174723589509877,49
